Grade,Male,Female,Graduate/Absence,Enrolled,avg(GPA),Study_Stress,Study_Hours,Participation_Count,Career_Concern,Department_Satisfaction,Online_Semesters,Offline_Semesters,Academic_Achievement,Distance_Home_Uni,Dorm,Home_Visit_Frequency,University_Satisfaction,Food_Delivery_Frequency,Social_Relationship_Satisfaction,Physical_Activity1,Physical_Activity2,Alcohol,depression_total,smoke_0,smoke_1,smoke_2,Alcohol_no,Alcohol_yes,DE_LEVEL
4,0,1,1,0,7,4,2,3,5,5,4,4,5,3,1,1,5,2,5,1,1,1,7,1,0,0,1,0,2
2,0,1,0,1,4,4,1,1,4,3,3,3,3,0,0,7,3,1,2,0,0,0,13,1,0,0,1,0,3
3,0,1,0,1,7,1,1,4,4,4,3,3,3,1,0,4,4,3,4,0,0,2,6,0,1,0,1,0,2
4,0,1,0,1,7,3,0,1,5,4,2,5,4,0,0,7,4,1,3,0,0,2,17,1,0,0,1,0,4
2,1,0,0,1,6,4,2,2,4,3,1,2,3,2,1,2,3,3,4,2,2,3,1,1,0,0,0,1,1
3,0,1,0,1,6,4,2,3,5,3,2,4,3,2,0,2,3,1,4,2,3,4,9,1,0,0,0,1,2
1,0,1,0,1,6,3,1,2,2,4,1,1,3,0,1,2,3,2,5,1,4,2,1,0,1,0,1,0,1
2,0,1,0,1,7,5,2,4,5,3,1,3,4,1,0,7,4,1,3,0,0,2,20,1,0,0,1,0,5
3,1,0,0,1,6,1,1,4,3,5,2,4,4,2,0,2,4,1,5,2,1,3,3,0,1,0,0,1,1
4,1,0,0,1,3,5,1,4,4,3,4,4,2,1,0,2,3,3,3,2,2,0,13,0,1,0,1,0,3
3,0,1,0,1,6,3,1,2,4,4,4,2,3,1,1,3,4,0,4,0,1,1,3,1,0,0,1,0,1
2,1,0,0,1,6,2,0,4,4,2,2,2,3,1,1,3,4,2,5,0,0,2,1,0,1,0,1,0,1
3,1,0,1,0,6,3,1,1,4,3,1,1,3,2,0,2,3,1,3,5,1,2,8,1,0,0,1,0,2
3,0,1,0,1,7,3,0,0,5,4,3,3,2,1,0,3,3,1,3,0,1,1,10,1,0,0,1,0,3
3,1,0,0,1,4,3,0,0,3,3,1,2,1,3,1,3,4,0,5,5,5,1,2,0,0,1,1,0,1
3,1,0,0,1,5,4,3,4,3,4,3,4,3,2,0,1,3,3,4,0,0,1,9,1,0,0,1,0,2
1,0,1,0,1,7,4,1,1,4,2,1,1,3,1,1,3,1,1,1,0,3,1,19,1,0,0,1,0,4
1,0,1,0,1,6,5,3,2,4,3,1,2,4,3,1,1,3,1,3,0,0,1,15,1,0,0,1,0,4
1,0,1,0,1,7,1,3,2,1,4,1,2,4,0,1,3,3,4,4,0,0,3,7,1,0,0,0,1,2
3,1,0,0,1,6,3,1,1,3,5,2,3,3,3,1,1,5,1,4,0,0,1,10,1,0,0,1,0,3
3,1,0,0,1,5,3,2,2,3,2,3,2,3,2,1,2,3,2,3,4,4,3,18,0,0,1,0,1,4
3,0,1,0,1,6,2,1,2,4,5,4,2,3,2,1,3,3,1,4,0,0,1,8,1,0,0,1,0,2
3,1,0,0,1,5,4,2,2,5,4,2,4,2,2,1,2,3,4,4,4,2,2,5,1,0,0,1,0,2
1,0,1,0,1,5,4,1,2,5,3,1,1,4,2,0,1,4,2,4,4,4,2,10,1,0,0,1,0,3
3,0,1,0,1,7,3,1,1,4,3,2,4,4,2,1,3,3,3,4,0,1,0,7,1,0,0,1,0,2
2,1,0,1,0,6,1,0,2,3,3,1,2,4,2,0,3,4,0,4,0,0,2,7,1,0,0,1,0,2
2,1,0,1,0,6,3,2,2,4,3,2,2,2,3,0,1,3,1,5,4,3,1,1,1,0,0,1,0,1
1,0,1,0,1,6,3,1,2,4,3,1,2,3,2,1,3,3,2,3,0,0,2,4,1,0,0,1,0,1
1,1,0,0,1,7,5,2,2,5,3,1,1,4,1,1,1,3,2,2,2,3,4,15,0,1,0,0,1,4
3,0,1,0,1,5,3,1,4,4,2,3,3,2,1,0,1,2,2,5,2,2,2,22,0,1,0,1,0,5
1,1,0,0,1,6,3,0,0,5,4,1,1,4,1,0,7,3,0,3,6,6,4,9,0,1,0,0,1,2
2,0,1,0,1,6,4,1,4,5,3,1,2,3,2,1,3,4,3,4,1,2,1,11,1,0,0,1,0,3
1,0,1,0,1,7,2,1,4,3,3,1,2,4,1,1,3,3,1,3,2,3,2,2,1,0,0,1,0,1
3,0,1,0,1,3,3,2,1,5,3,4,2,3,3,0,1,3,3,4,7,7,2,17,0,1,0,1,0,4
1,1,0,0,1,2,1,0,2,4,4,1,1,2,2,0,1,5,2,4,2,2,4,11,0,1,0,0,1,3
2,0,1,0,1,6,4,1,1,5,4,1,3,2,1,1,2,2,1,4,0,5,2,11,1,0,0,1,0,3
2,1,0,0,1,6,1,1,4,3,3,1,2,5,3,1,1,3,4,4,5,3,3,1,0,1,0,0,1,1
4,1,0,0,1,6,4,3,3,5,3,3,5,4,1,0,1,3,4,4,5,4,2,12,0,0,1,1,0,3
1,0,1,0,1,6,3,3,4,4,5,1,2,4,1,1,3,5,2,5,2,1,3,9,1,0,0,0,1,2
1,1,0,0,1,6,2,0,1,5,3,1,2,2,1,1,2,3,3,3,1,5,1,10,0,1,0,1,0,3
3,1,0,0,1,5,3,1,1,5,3,3,3,2,2,1,3,3,2,3,1,1,2,8,0,1,0,1,0,2
1,1,0,0,1,7,2,1,3,5,2,1,2,1,0,1,2,2,3,2,1,3,2,23,1,0,0,1,0,5
4,1,0,0,1,6,2,1,0,5,4,5,3,3,1,1,1,3,1,2,1,1,0,5,1,0,0,1,0,2
4,1,0,1,0,4,2,2,4,2,5,1,6,4,0,1,1,4,2,5,3,2,2,1,1,0,0,1,0,1
2,1,0,0,1,6,2,2,1,5,5,1,3,4,2,1,2,5,3,5,0,2,2,3,0,1,0,1,0,1
2,0,1,0,1,5,3,0,2,2,3,1,4,2,1,0,1,3,0,3,0,0,2,12,1,0,0,1,0,3
3,0,1,0,1,6,4,1,2,4,5,2,3,3,3,1,1,5,2,3,1,3,2,5,1,0,0,1,0,2
1,0,1,0,1,4,4,1,4,5,4,1,2,1,3,1,4,2,2,2,0,0,3,20,1,0,0,0,1,5
1,0,1,0,1,5,3,1,4,4,4,1,2,3,3,1,1,3,2,4,2,2,2,10,1,0,0,1,0,3
1,0,1,0,1,6,2,2,2,5,3,1,2,4,1,1,3,3,0,5,1,2,3,4,1,0,0,0,1,1
4,0,1,1,0,6,3,1,2,5,3,3,5,4,0,0,7,3,4,4,3,1,2,3,1,0,0,1,0,1
3,0,1,0,1,7,4,3,2,5,4,4,2,4,3,0,2,4,3,4,0,0,3,9,0,1,0,0,1,2
2,1,0,0,1,5,2,1,4,4,3,1,3,3,3,1,2,3,3,4,1,1,2,3,0,1,0,1,0,1
4,0,1,1,0,5,2,1,0,2,2,4,1,3,1,0,7,2,2,3,1,2,1,9,1,0,0,1,0,2
4,1,0,1,0,6,1,1,4,4,4,2,6,3,1,0,3,4,2,4,0,4,3,3,1,0,0,0,1,1
3,0,1,0,1,6,4,1,3,3,4,3,3,3,0,1,1,4,4,4,1,1,1,1,1,0,0,1,0,1
3,0,1,0,1,7,4,4,4,5,4,3,3,4,2,1,3,3,0,4,1,2,0,2,1,0,0,1,0,1
2,1,0,0,1,4,3,0,2,3,3,1,3,3,2,0,1,3,1,3,4,4,3,7,0,1,0,0,1,2
1,0,1,0,1,5,4,0,3,2,2,1,1,1,1,1,1,2,0,1,0,3,2,21,0,1,0,1,0,5
2,1,0,1,0,5,4,2,2,3,3,4,2,2,10,0,1,3,3,3,4,5,0,19,1,0,0,1,0,4
2,0,1,0,1,7,3,1,4,2,4,1,3,4,1,0,3,2,1,4,2,5,1,8,1,0,0,1,0,2
3,0,1,0,1,7,4,2,1,5,2,2,4,4,0,0,7,4,1,3,0,0,2,3,1,0,0,1,0,1
3,1,0,0,1,5,2,1,3,3,5,2,4,3,1,0,7,5,0,5,2,6,1,4,0,1,0,1,0,1
4,1,0,0,1,6,1,0,4,4,3,5,3,3,2,0,1,2,0,3,3,5,3,12,0,1,0,0,1,3
2,0,1,0,1,6,5,2,1,3,4,1,3,5,1,0,5,3,2,5,0,0,1,3,1,0,0,1,0,1
3,0,1,0,1,7,4,2,1,5,3,2,4,4,1,0,7,3,3,5,3,3,1,6,1,0,0,1,0,2
1,1,0,0,1,5,3,0,4,5,2,1,2,2,1,0,1,4,1,5,2,2,1,4,0,0,1,1,0,1
4,0,1,0,1,6,3,2,1,5,3,4,4,4,3,0,2,4,1,5,1,3,2,9,1,0,0,1,0,2
3,0,1,0,1,6,5,4,2,2,3,2,4,4,2,1,3,3,2,4,0,3,2,5,1,0,0,1,0,2
3,1,0,0,1,6,3,0,4,4,5,4,2,3,2,1,1,3,2,4,1,1,2,8,0,1,0,1,0,2
2,1,0,0,1,5,4,3,0,4,4,3,1,2,1,0,1,4,4,3,4,7,2,13,1,0,0,1,0,3
2,0,1,1,0,7,1,1,4,4,2,2,2,4,1,0,1,3,2,3,0,0,1,1,1,0,0,1,0,1
4,0,1,1,0,6,3,2,1,5,3,3,4,3,2,0,7,3,1,5,0,1,0,15,1,0,0,1,0,4
2,1,0,0,1,7,2,2,4,3,3,1,3,4,0,0,2,3,2,5,4,4,3,1,1,0,0,0,1,1
4,1,0,1,0,5,1,0,4,3,4,1,6,3,2,0,1,4,3,5,1,3,3,4,0,1,0,0,1,1
1,1,0,0,1,6,1,1,2,1,4,1,2,3,0,1,1,4,2,5,0,5,2,1,1,0,0,1,0,1
4,0,1,1,0,6,2,0,0,3,3,5,3,3,1,0,7,1,0,5,0,0,1,6,1,0,0,1,0,2
3,1,0,1,0,5,3,1,1,4,3,3,2,3,1,0,7,4,1,4,4,2,1,4,1,0,0,1,0,1
4,0,1,1,0,7,4,2,1,3,4,5,1,4,1,0,3,4,1,3,2,3,2,0,1,0,0,1,0,1
3,1,0,0,1,5,2,2,1,4,2,2,2,3,2,0,2,3,3,3,1,1,2,14,1,0,0,1,0,3
3,0,1,0,1,6,3,5,2,4,5,2,4,4,1,0,3,5,4,5,0,0,2,8,1,0,0,1,0,2
3,0,1,1,0,7,1,1,4,3,4,2,2,4,1,0,7,3,1,5,0,1,1,10,1,0,0,1,0,3
4,0,1,1,0,6,1,1,1,1,4,4,4,3,1,0,7,4,1,5,6,6,0,14,1,0,0,1,0,3
3,1,0,0,1,5,4,3,1,4,3,2,4,3,1,1,3,4,1,4,2,2,2,10,0,1,0,1,0,3
4,0,1,1,0,6,3,4,1,5,1,5,2,3,2,0,1,3,2,3,6,6,2,18,1,0,0,1,0,4
2,0,1,0,1,7,4,5,4,2,5,1,2,4,1,1,2,4,2,4,0,0,1,1,1,0,0,1,0,1
3,0,1,1,0,7,4,2,4,5,3,2,2,4,1,0,2,3,0,4,0,0,1,11,1,0,0,1,0,3
4,1,0,1,0,6,5,5,1,5,5,2,6,5,1,0,1,5,2,5,0,0,4,0,1,0,0,0,1,1
4,0,1,1,0,7,4,2,1,5,5,4,2,5,1,0,7,5,4,4,2,2,1,7,1,0,0,1,0,2
4,1,0,0,1,5,5,1,3,5,5,2,4,3,2,0,1,4,2,5,3,3,0,0,1,0,0,1,0,1
4,1,0,0,1,6,4,2,1,4,2,4,2,2,1,0,2,1,1,4,3,2,2,12,0,0,1,1,0,3
1,1,0,0,1,7,1,3,4,1,5,1,1,2,1,1,1,5,4,5,5,1,2,0,0,1,0,1,0,1
3,1,0,0,1,6,1,1,0,3,4,1,5,4,1,1,3,2,1,3,0,2,2,0,1,0,0,1,0,1
2,1,0,1,0,6,3,2,2,3,4,1,2,4,3,0,4,3,2,4,3,2,2,7,1,0,0,1,0,2
4,0,1,1,0,6,3,4,4,5,3,1,3,4,3,0,3,3,0,3,0,0,2,8,1,0,0,1,0,2
1,1,0,0,1,6,2,0,3,5,2,0,1,3,3,1,1,2,2,5,2,3,3,5,1,0,0,0,1,2
2,0,1,0,1,7,3,1,2,2,2,1,2,4,1,1,1,2,1,5,3,4,2,4,1,0,0,1,0,1
2,0,1,0,1,6,2,1,3,5,4,2,2,3,1,0,7,4,2,4,0,2,2,0,1,0,0,1,0,1
1,0,1,0,1,6,2,1,4,4,2,0,1,2,1,0,7,4,1,4,2,2,1,15,1,0,0,1,0,4
1,0,1,0,1,6,2,1,4,4,2,0,2,3,2,1,4,3,1,4,0,1,2,5,1,0,0,1,0,2
2,0,1,0,1,7,2,4,4,3,4,2,2,3,3,1,1,3,2,5,1,4,2,1,1,0,0,1,0,1
4,0,1,0,1,7,2,1,2,3,5,3,5,4,1,1,4,5,1,4,2,0,1,3,1,0,0,1,0,1
4,1,0,0,1,5,4,4,2,2,4,4,4,3,1,0,1,1,2,4,0,1,2,9,0,1,0,1,0,2
1,0,1,0,1,6,3,2,1,4,4,0,1,3,1,1,2,4,1,5,3,6,2,5,1,0,0,1,0,2
1,0,1,0,1,5,2,1,1,4,3,0,2,3,2,1,2,3,3,4,0,0,1,15,1,0,0,1,0,4
3,0,1,0,1,6,3,1,1,5,4,3,3,4,3,1,3,3,1,3,0,0,3,10,1,0,0,0,1,3
3,1,0,0,1,5,3,0,1,2,2,2,2,3,2,0,2,4,3,4,4,3,3,4,1,0,0,0,1,1
3,0,1,0,1,6,4,1,2,5,4,4,3,4,1,0,2,4,1,3,3,3,1,1,1,0,0,1,0,1
3,0,1,0,1,3,5,0,2,5,1,4,2,1,3,0,1,2,1,1,0,1,1,21,1,0,0,1,0,5
2,0,1,0,1,6,5,1,0,2,5,1,2,4,1,0,7,5,1,5,0,0,0,16,0,1,0,1,0,4
3,0,1,0,1,5,3,1,0,5,2,2,4,4,0,0,7,2,2,2,1,1,1,13,1,0,0,1,0,3
3,1,0,0,1,7,3,1,0,3,2,2,3,4,2,1,2,2,0,2,3,3,2,11,0,1,0,1,0,3
3,0,1,0,1,5,4,3,0,5,2,1,5,4,1,0,7,3,0,4,0,0,2,4,1,0,0,1,0,1
3,1,0,1,0,6,1,0,0,1,1,1,5,5,2,0,7,1,0,5,1,2,0,1,1,0,0,1,0,1
3,1,0,0,1,6,2,1,1,1,5,3,2,2,0,0,7,5,4,4,0,0,0,11,1,0,0,1,0,3
3,0,1,0,1,7,5,0,3,5,5,3,2,3,2,1,3,4,0,4,2,0,0,3,0,1,0,1,0,1
4,0,1,1,0,6,2,1,2,3,4,4,4,4,2,0,1,4,0,5,0,0,0,10,1,0,0,1,0,3
2,0,1,0,1,4,4,1,3,4,3,1,3,2,6,0,2,3,1,3,0,2,2,6,1,0,0,1,0,2
3,0,1,0,1,7,5,0,3,5,4,3,3,4,1,0,4,3,4,5,0,0,2,8,0,1,0,1,0,2
3,0,1,0,1,7,4,3,2,4,4,3,3,4,3,1,3,4,2,4,0,0,2,12,1,0,0,1,0,3
3,0,1,0,1,7,5,0,2,4,4,3,3,4,1,0,5,4,3,4,0,0,2,9,0,1,0,1,0,2
3,1,0,1,0,6,3,1,2,3,3,2,5,3,1,1,2,2,4,3,3,3,1,13,0,1,0,1,0,3
3,0,1,0,1,5,4,2,4,5,3,2,4,3,1,1,2,4,2,4,0,0,2,15,1,0,0,1,0,4
2,1,0,0,1,6,3,1,2,4,2,2,2,3,1,1,1,5,3,4,3,1,2,3,1,0,0,1,0,1
3,1,0,0,1,6,4,4,3,4,3,1,4,3,2,0,1,4,3,4,0,0,2,13,1,0,0,1,0,3
4,1,0,0,1,5,2,5,1,2,3,1,6,3,2,0,3,2,1,5,3,2,0,7,1,0,0,1,0,2
3,0,1,0,1,7,4,2,4,5,3,3,3,4,3,1,2,3,1,5,0,0,2,12,1,0,0,1,0,3
4,0,1,0,1,7,4,2,1,4,4,4,3,3,1,0,7,5,1,4,0,1,1,9,1,0,0,1,0,2
